./00_HOME.md,5140,170d1c854435a2d01a17d95aa3c091b566f99ab026b624068ec484fc0d17d26a
./COMPONENTS/ELEMENT_AGENT_RUNTIME_ROUTING_v1.3.html,22387,c01f170e8985bb536df8d871b4dcd2d7961033833b7626fdcf466af6ab1e6ed0
./COMPONENTS/ELEMENT_ASSET_PATTERN_LIBRARY_v1.3.html,23731,7f1fd118fc48d3ce462f25b005c0772a29312221d7e14d4fc9ff867e42f6cc61
./COMPONENTS/ELEMENT_BENEFITS_ASSETS_v1.3.html,23132,e162eed20613532a4df05c55cf9a5f6370d19a017719756fb1d0c6b56f7a0a4c
./COMPONENTS/ELEMENT_CANONICAL_LIBRARY_v1.3.html,22584,5ecce20883df3d36e50b6512fa4df7e610660296ec165d6fae68436b059909ff
./COMPONENTS/ELEMENT_CONTEXT_MEMBRANE_v1.3.html,22384,67dd1636b12df2af731eca6a9cafa83cd845ff5217a44ccb34d88cb7fb86f0d8
./COMPONENTS/ELEMENT_CURRENT_WORK_OBJECT_QUEUE_v1.3.html,22420,28bfcb8f22f5d399a7f2d2d0b96a8bef65af435b1c7bee2a2f322574c8f95680
./COMPONENTS/ELEMENT_MESH_CONTROL_GATES_v1.3.html,22009,b1cf397f7d6568e75c4ba4f99879f33b7a11dfe0cab869c77dbba6e388bba8e8
./COMPONENTS/ELEMENT_METHOD_LIBRARY_v1.3.html,22182,20be00f415463711f609d421d1b51d494f5c9fb1171d7199adeb0f9a4aab95b2
./COMPONENTS/ELEMENT_SERVICE_CATALOGUE_v1.3.html,24844,0283080e3710c5b7f8d001d9aee48d6e75006decc693e42aa79adcd8f8d1c3a6
./COMPONENTS/NAVIGATOR_NINE_VERBS_BENEFIT_ROUTE_v1.0.html,32580,45c14d22edcdac8e5c14f83d5ee5fbb0daba8fb8c3770be174010dfcb9f39829
./COMPONENTS/NAVIGATOR_OPERATING_SURFACE_v4.6.html,45791,66a48542433431edfc29bb86fc0b5a555a97be07993aea58e46ee1d215b24766
./COMPONENTS/NAVIGATOR_PARALLEL_DELIVERY_CONTROL_v1.1.html,33691,84f05748166204371329ae6bde486ec12c984f33431976b312c4490e6be1894e
./COMPONENTS/NAVIGATOR_WAVE_RUNNER_v0.3.html,32074,582f265b2d364f416f70ea2356626b1da8656209b9a38d1e8bba4201f21f3bb5
./DATA/NAVIGATOR_DELIVERY_STATE.js,16864,970e685a84738bd4a274382736d421e957f75f708bf8ade329c624897a30bc58
./DATA/NAVIGATOR_L1_L2_L3_ROUTE_REGISTRY.json,81211,a5927546a7c525a27d6cdf356e71e466d6fe1e63f4e5ea3314552bd17fca1aa1
./SYNAPSYS_NAVIGATOR_MVP_ARCHITECTURE_v1.5.html,49468,185505e22a4df2a7e36008e36236aafa7ac0d66234e88000790a1a0e3ad935c6
