path,bytes,sha256
./00_HOME.md,1753,360e207b9dcbd55eeea8d4c58067b78bc630e68d31ca1054676f9ad1ca66ec04
./CANVAS/05_MESH_LIFECYCLE_GATES_v1.2.canvas,6855,b9a4155c425ab2020a41f2fa22a26354f6f05d0f55cac4bf1de0533585e20e38
./CANVAS/07_SERVICE_CATALOGUE_INTEGRATED_v1.2.canvas,6216,008c6f4b2071a02e5fa4e54fbf19098f509a1562948ae45b2bad80501bb53b5c
./CANVAS/09B_METHOD_LIBRARY_v1.2.canvas,6726,3f4171e8ac16559965d00080df070cb112988f88faf23542bdd9b4727880fba6
./CANVAS/09_ASSET_PATTERN_LIBRARY_v1.2.canvas,6986,3a720100fe594c89019155583d3bfcda69101a0e3d4e4904b4fbca5835180a1e
./CANVAS/10_CANONICAL_STATE_v1.2.canvas,6702,32c99515420d40fe8d4c9131076ecd8f573ae1e7936d89e53027c67887776461
./CANVAS/11_BENEFIT_ASSET_REALISATION_v1.2.canvas,7111,fb8bd8b34318957ec77beb0a72713d054e06ca47e0818bbe161d12e56708507e
./CANVAS/12_CONTEXT_MEMBRANE_v1.2.canvas,6897,cd4f6816dea163618d11f49a059a4f4f9ae2510505ee1b29b92fc7a9ba84ac88
./CANVAS/13_AI_AGENT_ROUTING_v1.2.canvas,6917,3ade2ea687fd1f2b78d4c21e0689584fde34aa1a747cbd97a7fcebc2ec65ad65
./CANVAS/14_CURRENT_WORK_OBJECT_QUEUE_v1.2.canvas,6793,7b1ebf390c8d2f2690efa1bc462ed6d1b5137d539c4d3030adca314ea6b2bdb3
./CURRENT/COMPONENTS/ELEMENT_AGENT_RUNTIME_ROUTING_v1.2.html,18535,6bb76812e2597d1fd901bca5fbd44c1d9629c6a1adf17ad1d30468fc77750e41
./CURRENT/COMPONENTS/ELEMENT_ASSET_PATTERN_LIBRARY_v1.2.html,18552,283054ed739297286359e6a151fd3c922167a1c44925726f05a4c44f015d9719
./CURRENT/COMPONENTS/ELEMENT_BENEFITS_ASSETS_v1.2.html,19005,376a5dcd7d0e2b60116193d5a833acc1f71ada16cf032272688e728c588b3a44
./CURRENT/COMPONENTS/ELEMENT_CANONICAL_LIBRARY_v1.2.html,17427,80fdf4aa785d51f79887c9307324810bcb8746d48bf863084890cc6264765478
./CURRENT/COMPONENTS/ELEMENT_CONTEXT_MEMBRANE_v1.2.html,18145,fdaf977ce3c525a43e6dbe83bbf3dbc59b6c9a73916229768b737c7ca2fd9515
./CURRENT/COMPONENTS/ELEMENT_CURRENT_WORK_OBJECT_QUEUE_v1.2.html,17629,5b051ea281523c955f270e956a891545c6f3bb93d072abe5ba9ef7e86e1661c5
./CURRENT/COMPONENTS/ELEMENT_MESH_CONTROL_GATES_v1.2.html,18646,7bbdd7a2f917525a3a825ad7918a6d5316005065a1b3dfd102719f186ad92844
./CURRENT/COMPONENTS/ELEMENT_METHOD_LIBRARY_v1.2.html,17709,7822d8acdaeaf2f47070c1e2af09583eaf53217003a6823267bf84d15127135e
./CURRENT/COMPONENTS/ELEMENT_SERVICE_CATALOGUE_v1.2.html,19065,11df63d83ac93174b1a86ce65a44096f3a2e0ba305716f319f5092c61dcaa743
./CURRENT/COMPONENTS/NAVIGATOR_NINE_VERBS_BENEFIT_ROUTE_v1.0.html,16169,6f65b52cc6ce27de26b19d298efb6dec4a501f60f2c4ba09835a112091da8352
./CURRENT/COMPONENTS/NAVIGATOR_PARALLEL_DELIVERY_CONTROL_v1.1.html,33691,5277df29ddfe077fdd4c55bf90f3f5b9160f47a19be360ed75563b39eb71e989
./CURRENT/DATA/NAVIGATOR_BENEFIT_REALISATION.json,1889,0ce8b329bd43469fe687b498263d0df2d1abc8c9b361f20dae0a5ffb69939bd1
./CURRENT/DATA/NAVIGATOR_DELIVERY_STATE.json,17181,9596bafd6155276bb585f353afef0483d0ed05ebc7b81c3e96ca7b0779aabaf7
./CURRENT/DATA/NAVIGATOR_LANE_RETURNS.json,1229,5d1516ccc3d66b48b00982f701e25ebb053ad0ed5054a766506a2b4665663a4b
./CURRENT/DATA/NAVIGATOR_PARALLEL_STREAMS.json,8780,311c4951c36d2e8535aebccb5c848bc2dc0871a99932a3c636fe658290ef3ce6
./CURRENT/DATA/NAVIGATOR_PRIORITY_MODEL.json,2991,b85977f066eff2e14a9a4a86e9d5ba3c6625e8fd4127611e2ad7934de5ba5fa6
./CURRENT/NAVIGATOR_UPDATED_HTML_AND_CANVAS_PACKAGE_INDEX_v0.1.html,6085,f7615eab49369a6ebe8b175c3952ccd2f1d85b38c987cc3d6ba3cbb34db578bd
./CURRENT/SYNAPSYS_NAVIGATOR_MVP_ARCHITECTURE_v1.5.html,203775,a06651e41cfdaf6bd0ecef96d9013cfd11eaef0d1ff81fc1fb86aa2fd5b20069
